{"cameraMode":{"drawMode":0,"name":"Shaded","section":"Shading Mode"},"sceneLighting":true,"audioPlay":false,"sceneViewState":{"showFog":false,"showMaterialUpdate":false,"showSkybox":false,"showFlares":false,"showImageEffects":false,"showParticleSystems":false},"in2DMode":false,"pivot":{"x":0.6399506330490112,"y":2.930762529373169,"z":-0.25722503662109377},"rotation":{"x":-0.00030923806480132043,"y":0.044083092361688617,"z":-0.000014176939657772891,"w":-0.9990291595458984},"size":3.024341583251953,"orthographic":false}